PAIS;AÑO;POBLACION;GDP USD;electricity_demand;electricity_generation;electricity_share_energy;energy_cons_change_% ;energy_cons_change_twh;energy_per_capita;fossil_cons_change_% ;fossil_cons_change_twh;fossil_elec_per_capita;fossil_electricity;fossil_energy_per_capita;fossil_fuel_consumption;fossil_share_elec;fossil_share_energy;greenhouse_gas_emissions;hydro_cons_change_% %;hydro_cons_change_twh;hydro_consumption;hydro_elec_per_capita;hydro_electricity;hydro_energy_per_capita;hydro_share_elec;hydro_share_energy;low_carbon_cons_change_%;low_carbon_cons_change_twh;low_carbon_consumption;low_carbon_elec_per_capita;low_carbon_electricity;low_carbon_energy_per_capita;low_carbon_share_elec %;low_carbon_share_energy %;net_elec_imports_Trw;net_elec_imports_share_demand %;renewables_cons_change_% %;renewables_cons_change_twh;renewables_consumption;renewables_elec_per_capita;renewables_electricity;renewables_energy_per_capita;renewables_share_elec %;renewables_share_energy %;solar_cons_change_% %;solar_cons_change_twh;solar_consumption;solar_elec_per_capita;solar_electricity;solar_energy_per_capita;solar_share_elec;solar_share_energy;wind_cons_change_% %;wind_cons_change_twh;wind_consumption;wind_elec_per_capita;wind_electricity;wind_energy_per_capita;wind_share_elec %;wind_share_energy %
Argentina;2010;41100124;7.85E+11;128.24;119.64;13.534;3.69;31.458;21507.703;4.353;31.778;1910.943;78.54;18534.785;761.782;65.647;86.177;43.89;-3.635;-4.086;92.593;803.404;33.02;2252.866;27.599;10.475;8.788;-0.319;122.187;999.997;41.1;2972.917;34.353;13.823;8.6;6.706;13.509;2.407;102.984;837.224;34.41;2505.684;28.761;11.65;12.888;0;0;0;0;0.006;0;0;-31.169;-0.032;0.07;0.73;0.03;1.712;0.025;0.008
Argentina;2011;41520736;8.36E+11;132.42;122.75;13.502;2.842;25.122;21894.867;4.089;31.146;2033.442;84.43;19097.164;792.928;68.782;87.222;47.15;-6.514;-6.559;86.034;747.337;31.03;2072.072;25.279;9.464;-0.456;-6.025;116.163;922.912;38.32;2797.702;31.218;12.778;9.67;7.303;1.454;-3.763;99.221;781.056;32.43;2389.665;26.42;10.914;1779.148;0.004;0.004;0;0;0.107;0;0;4.887;0.003;0.073;1.445;0.06;1.767;0.049;0.008
Argentina;2012;41952364;8.27E+11;136.3;128.69;13.637;3.808;34.615;22494.715;4.779;37.894;2189.626;91.86;19803.955;830.823;71.381;88.038;50.7;-6.485;-6.067;79.967;684.348;28.71;1906.136;22.309;8.474;0.245;-3.279;112.884;877.901;36.83;2690.76;28.619;11.962;7.61;5.583;0.278;-3.181;96.039;737.265;30.93;2289.243;24.035;10.177;406.38;0.018;0.022;0.238;0.01;0.534;0.008;0.002;1290.953;0.941;1.014;19.546;0.82;24.174;0.637;0.107
Argentina;2013;42388268;8.47E+11;140.11;132.31;13.482;3.994;37.692;23152.588;3.247;26.973;2159.796;91.55;20236.637;857.796;69.194;87.406;50.9;12.368;9.349;89.316;766.957;32.51;2107.085;24.571;9.101;10.632;10.718;123.602;961.587;40.76;2915.951;30.806;12.594;7.8;5.567;12.747;11.33;107.369;826.408;35.03;2532.988;26.476;10.94;84.438;0.019;0.041;0.236;0.01;0.969;0.008;0.004;22.574;0.221;1.236;23.827;1.01;29.149;0.763;0.126
Argentina;2014;42824064;8.26E+11;141.67;131.81;13.452;-0.157;-1.54;22881.006;-0.051;-0.439;2152.528;92.18;20020.451;857.357;69.934;87.498;50.91;-1.082;-1.496;87.82;754.949;32.33;2050.716;24.528;8.963;2.012;-1.102;122.501;925.414;39.63;2860.555;30.066;12.502;9.86;6.96;3.765;0.797;108.166;802.586;34.37;2525.827;26.075;11.039;5.771;0.002;0.043;0.467;0.02;1.009;0.015;0.004;36.646;0.443;1.678;14.478;0.62;39.19;0.47;0.171
Argentina;2015;43257064;8.48E+11;146.75;137.79;13.821;1.743;17.082;23046.873;1.492;12.793;2246.57;97.18;20115.785;870.15;70.528;87.282;53.88;-0.244;-0.736;87.084;738.377;31.94;2013.172;23.18;8.735;4.936;4.29;126.79;938.806;40.61;2931.087;29.472;12.718;8.96;6.106;2.349;0.434;108.6;785.305;33.97;2510.579;24.653;10.893;-7.909;-0.004;0.04;0.231;0.01;0.914;0.007;0.004;-4.222;-0.08;1.598;13.639;0.59;36.938;0.428;0.16
Argentina;2016;43668236;8.28E+11;149.16;139.64;14.071;-0.453;-4.516;22726.455;0.005;0.044;2308.314;100.8;19927.385;870.194;72.186;87.684;55.15;-7.993;-7.435;79.649;673.258;29.4;1823.965;21.054;8.026;-1.394;-4.56;122.23;889.434;38.84;2799.07;27.814;12.316;9.52;6.382;-4.106;-7.653;100.947;710.356;31.02;2311.688;22.214;10.172;-2.792;-0.001;0.038;0.229;0.01;0.875;0.007;0.004;-7.749;-0.133;1.465;12.366;0.54;33.555;0.387;0.148
Argentina;2017;44054616;8.50E+11;149.03;138.57;13.977;-0.103;-1.027;22503.818;-0.367;-3.191;2256.29;99.4;19680.186;867.003;71.733;87.453;52.86;6.189;4.432;84.082;714.114;31.46;1908.576;22.703;8.481;4.275;2.164;124.394;889.124;39.17;2823.634;28.267;12.547;10.46;7.019;9.643;7.899;108.847;758.15;33.4;2470.724;24.103;10.979;15.021;0.005;0.044;0.454;0.02;0.992;0.014;0.004;11.731;0.162;1.628;13.846;0.61;36.944;0.44;0.164
Argentina;2018;44413592;8.29E+11;149.35;139.79;14.201;-0.711;-7.052;22163.16;-1.343;-11.647;2213.511;98.31;19258.883;855.356;70.327;86.896;51.42;2.166;1.319;85.401;719.599;31.96;1922.847;22.863;8.676;2.548;4.595;128.989;933.948;41.48;2904.279;29.673;13.104;9.56;6.401;1.341;2.696;111.543;787.372;34.97;2511.452;25.016;11.332;558.646;0.242;0.286;2.477;0.11;6.441;0.079;0.029;131.004;2.11;3.738;31.522;1.4;84.157;1.002;0.38
Argentina;2019;44745516;;143.85;133.16;14.359;-5.789;-56.987;20725.168;-6.992;-59.811;2023.89;90.56;17779.336;795.546;68.008;85.786;46.63;-14.79;-12.899;72.501;610.787;27.33;1620.299;20.524;7.818;2.522;2.823;131.813;952.051;42.6;2945.832;31.992;14.214;10.69;7.431;-0.123;-1.084;110.459;773.932;34.63;2468.605;26.006;11.911;639.571;1.822;2.108;17.655;0.79;47.11;0.593;0.227;253.636;9.431;13.169;110.626;4.95;294.314;3.717;1.42
Argentina;2020;45036032;;143.4;138.69;15.945;-6.204;-57.529;19314.066;-7.293;-58.023;2033.483;91.58;16376.283;737.523;66.032;84.789;48.14;-13.942;-10.338;62.163;538.68;24.26;1380.305;17.492;7.147;-8.019;0.493;132.306;1046.051;47.11;2937.781;33.968;15.211;4.71;3.285;-12.277;-3.382;107.077;822.675;37.05;2377.575;26.714;12.31;68.108;1.423;3.531;29.532;1.33;78.397;0.959;0.406;88.365;11.546;24.715;206.945;9.32;548.784;6.72;2.841
Argentina;2021;45276788;;149.18;146.68;15.189;11.019;95.843;21328.186;12.741;93.97;2193.839;99.33;18364.658;831.493;67.719;86.105;52.48;-16.991;-10.751;51.412;445.924;20.19;1135.515;13.765;5.324;2.399;1.873;134.179;1045.79;47.35;2963.528;32.281;13.895;2.5;1.676;2.574;1.567;108.643;821.171;37.18;2399.532;25.348;11.251;63.842;2.233;5.764;47.927;2.17;127.296;1.479;0.597;37.478;9.138;33.853;282.926;12.81;747.699;8.733;3.506
Argentina;2022;45510324;;155.48;143.67;14.353;3.656;35.302;21994.422;2.708;22.519;2000.645;91.05;18765.236;854.012;63.374;85.318;48.6;21.587;10.871;62.283;574.595;26.15;1368.55;18.201;6.222;12.323;12.782;146.961;1156.221;52.62;3229.188;36.626;14.682;11.81;7.596;20.654;19.632;128.275;992.083;45.15;2818.588;31.426;12.815;33.373;1.895;7.659;63.942;2.91;168.291;2.025;0.765;9.483;3.075;36.929;308.062;14.02;811.435;9.758;3.689
Brazil;2010;196353504;2.82E+12;545.43;510.78;16.037;9.129;266.448;16220.931;12.527;194.752;310.766;61.02;8909.68;1749.447;11.946;54.927;53.62;3.146;27.446;1119.363;2053.898;403.29;5700.752;78.956;35.144;5.543;71.697;1435.59;2290.563;449.76;7311.252;88.054;45.073;34.65;6.353;5.396;67.738;1396.908;2220.434;435.99;7114.253;85.358;43.858;;0;0;0;0;0;0;0;75.812;2.584;6.041;11.102;2.18;30.767;0.427;0.19
Brazil;2011;198185296;2.97E+12;563.28;527.39;16.002;3.477;110.753;16629.84;3.252;56.897;253.652;50.27;9114.419;1806.344;9.532;54.808;49.34;6.21;62.26;1181.623;2161.26;428.33;5962.211;81.217;35.852;2.028;53.856;1489.446;2407.444;477.12;7515.421;90.468;45.192;35.89;6.372;1.89;51.084;1447.993;2332.766;462.32;7306.256;87.662;43.935;;0;0;0;0;0;0;0;24.268;1.42;7.462;13.624;2.7;37.649;0.512;0.226
Brazil;2012;199977712;3.02E+12;587.42;547.16;16.129;2.929;96.531;16963.494;7.151;129.172;386.093;77.21;9678.659;1935.516;14.111;57.056;64.43;-3.033;-42.781;1138.841;2076.931;415.34;5694.842;75.908;33.571;-2.23;-32.641;1456.805;2350.012;469.95;7284.834;85.889;42.944;40.26;6.854;-2.347;-33.387;1414.605;2274.153;454.78;7073.814;83.116;41.7;;0.004;0.004;0;0;0.022;0;0;86.707;6.385;13.847;25.253;5.05;69.242;0.923;0.408
Brazil;2013;201721776;3.11E+12;603.82;563.49;16.22;2.406;81.619;17221.439;5.733;110.961;555.22;112;10145.048;2046.477;19.876;58.909;85.74;-5.863;-73.225;1065.617;1938.264;390.99;5282.605;69.387;30.675;1.092;-29.342;1427.462;2238.182;451.49;7076.392;80.124;41.091;40.33;6.679;1.219;-27.548;1387.057;2165.557;436.84;6876.089;77.524;39.927;196.796;0.009;0.013;0;0;0.065;0;0;30.215;4.075;17.922;32.619;6.58;88.845;1.168;0.516
Brazil;2014;203459648;3.13E+12;615.64;581.86;16.324;2.604;90.479;17519.043;4.566;93.441;671.288;136.58;10517.655;2139.918;23.473;60.036;102.06;-4.489;-53.934;1011.683;1835.45;373.44;4972.401;64.18;28.383;1.73;-2.962;1424.5;2188.542;445.28;7001.388;76.527;39.964;33.78;5.487;1.786;-2.535;1384.521;2117.471;430.82;6804.895;74.042;38.843;235.485;0.031;0.044;0.098;0.02;0.214;0.003;0.001;85.683;15.157;33.079;60.012;12.21;162.581;2.098;0.928
Brazil;2015;205188208;3.27E+12;605.99;571.57;16.252;-1.332;-47.461;17140.15;-3.225;-69.01;627.96;128.85;10092.728;2070.909;22.543;58.884;97.39;-3.668;-42.906;968.777;1753.22;359.74;4721.409;62.939;27.546;4.715;21.548;1446.048;2157.629;442.72;7047.424;77.457;41.116;34.42;5.68;4.935;23.451;1407.973;2089.837;428.81;6861.86;75.023;40.034;266.361;0.115;0.159;0.292;0.06;0.773;0.01;0.005;77.111;25.159;58.237;104.636;21.47;283.824;3.756;1.656
Brazil;2016;206859584;2.89E+12;612.19;571.4;16.648;-2.411;-84.791;16591.764;-7.465;-154.589;449.87;93.06;9263.867;1916.32;16.286;55.834;77.78;5.884;50.935;1019.713;1841.394;380.91;4929.493;66.663;29.71;2.352;69.797;1515.846;2312.39;478.34;7327.897;83.714;44.166;40.79;6.663;2.232;67.119;1475.092;2240.022;463.37;7130.886;81.094;42.978;44.712;0.07;0.228;0.387;0.08;1.103;0.014;0.007;54.857;31.414;89.651;160.689;33.24;433.39;5.817;2.612
Brazil;2017;208504960;2.93E+12;617.51;581.16;16.782;0.898;30.828;16608.686;1.539;29.492;488.717;101.9;9332.207;1945.812;17.534;56.189;82.33;-2.626;-32.623;987.09;1778.903;370.91;4734.131;63.822;28.504;0.799;1.336;1517.182;2298.554;479.26;7276.478;82.466;43.811;36.35;5.887;0.837;1.895;1476.988;2227.285;464.4;7083.705;79.909;42.651;875.613;1.985;2.214;3.981;0.83;10.617;0.143;0.064;26.529;23.117;112.768;201.722;42.06;540.839;7.237;3.256
Brazil;2018;210166592;2.97E+12;629.12;594.14;17.093;0.375;12.975;16539.109;-4.559;-88.704;412.482;86.69;8836.361;1857.108;14.591;53.427;74.63;4.87;42.022;1029.111;1850.77;388.97;4896.646;65.468;29.606;8.876;101.678;1618.86;2414.513;507.45;7702.748;85.409;46.573;34.98;5.56;9.093;102.079;1579.067;2344.14;492.66;7513.406;82.92;45.428;316.131;6.944;9.158;16.368;3.44;43.575;0.579;0.263;14.4;15.484;128.252;228.961;48.12;610.24;8.099;3.69
Brazil;2019;211782880;;643.62;618.66;17.511;1.639;56.982;16681.945;-1.005;-18.667;429.26;90.91;8680.78;1838.441;14.695;52.037;77.06;2.29;19.682;1048.793;1878.717;397.88;4952.208;64.313;29.686;6.153;75.65;1694.51;2491.939;527.75;8001.166;85.305;47.963;24.96;3.878;6.222;74.646;1653.713;2420.356;512.59;7808.528;82.855;46.808;92.249;8.383;17.541;31.117;6.59;82.827;1.065;0.497;15.493;19.325;147.577;261.73;55.43;696.829;8.96;4.177
Brazil;2020;213196304;;639.09;614.37;18.1;-3.923;-138.582;15921.327;-7.197;-132.319;380.635;81.15;8002.587;1706.122;13.209;50.263;72.15;-0.376;-7.781;1041.012;1858.991;396.33;4882.878;64.51;30.669;-1.612;-6.264;1688.246;2501.075;533.22;7918.739;86.791;49.737;24.72;3.868;-1.379;-0.882;1652.831;2439.114;520.01;7752.625;84.641;48.693;61.518;10.687;28.228;49.907;10.64;132.405;1.732;0.832;1.902;2.255;149.832;264.92;56.48;702.787;9.193;4.414
Brazil;2021;214326224;;685.68;662.58;18.556;5.194;176.302;16659.977;13.123;223.892;649.524;139.21;9005.032;1930.015;21.01;54.052;105.08;-8.467;-91.633;949.379;1692.84;362.82;4429.596;54.759;26.588;-2.228;-47.591;1640.655;2441.932;523.37;7654.942;78.99;45.948;23.1;3.369;-2.353;-49.099;1603.732;2373.345;508.67;7482.67;76.771;44.914;55.859;15.607;43.835;78.152;16.75;204.526;2.528;1.228;26.705;39.317;189.149;333.604;71.5;882.529;10.791;5.297
Brazil;2022;215313504;;703.98;680.88;18.279;4.319;154.2;17299.75;-2.948;-56.891;345.45;74.38;8699.518;1873.124;10.924;50.287;69.48;17.721;164.164;1113.543;1988.078;428.06;5171.727;62.869;29.895;10.758;211.091;1851.746;2816.823;606.5;8600.232;89.076;49.713;23.1;3.281;10.988;211.59;1815.322;2749.293;591.96;8431.066;86.94;48.735;79.835;34.708;78.544;122.983;26.48;364.788;3.889;2.109;12.929;23.675;212.824;371.551;80;988.44;11.75;5.714
Chile;2010;17004166;3.21E+11;59.22;58.26;16.008;2.702;9.575;21403.439;6.868;18.75;2158.883;36.71;17157.926;291.756;63.011;80.164;25.93;-13.582;-9.923;60.395;1248.518;21.23;3551.784;36.44;16.594;-11.004;-9.175;72.191;1267.337;21.55;4245.514;36.989;19.836;0.96;1.621;-11.004;-9.175;72.191;1267.337;21.55;4245.514;36.989;19.836;;0;0;0;0;0;0;0;311.731;0.682;0.903;18.819;0.32;53.103;0.549;0.248
Chile;2011;17173568;3.39E+11;62.77;62.04;16.085;5.98;21.764;22459.619;7.771;22.672;2387.39;41;18308.828;314.428;66.086;81.519;29.41;-5.742;-3.815;56.58;1206.505;20.72;3294.599;33.398;14.669;-1.315;-0.908;71.284;1225.139;21.04;4150.789;33.914;18.481;0.73;1.163;-1.315;-0.908;71.284;1225.139;21.04;4150.789;33.914;18.481;;0;0;0;0;0;0;0;3.771;0.028;0.931;18.633;0.32;54.229;0.516;0.241
Chile;2012;17341770;3.57E+11;65.76;65.76;16.328;4.416;17.035;23224.074;4.076;12.815;2604.694;45.17;18870.238;327.243;68.689;81.253;32.65;-1.697;-1.297;55.283;1164.818;20.2;3187.85;30.718;13.726;5.532;4.219;75.503;1187.307;20.59;4353.833;31.311;18.747;0;0;5.532;4.219;75.503;1187.307;20.59;4353.833;31.311;18.747;;0.001;0.001;0;0;0.054;0;0;20.969;0.188;1.12;22.489;0.39;64.571;0.593;0.278
Chile;2013;17509926;3.71E+11;68.17;68.17;16.476;2.734;11.013;23629.986;2.672;8.743;2741.302;48;19188.342;335.986;70.412;81.203;35.44;-1.264;-1.028;54.255;1119.936;19.61;3098.555;28.766;13.113;3.017;2.27;77.773;1151.918;20.17;4441.646;29.588;18.797;0;0;3.017;2.27;77.773;1151.918;20.17;4441.646;29.588;18.797;1884.947;0.017;0.018;0.571;0.01;1.052;0.015;0.004;33.47;0.366;1.486;31.411;0.55;84.841;0.807;0.359
Chile;2014;17687108;3.78E+11;69.95;69.95;17.08;-1.021;-4.225;23154.375;-2.966;-9.965;2516.522;44.51;18432.725;326.022;63.631;79.608;33.08;15.762;8.176;62.431;1331.478;23.55;3529.767;33.667;15.244;9.438;5.739;83.512;1438.336;25.44;4721.649;36.369;20.392;0;0;9.438;5.739;83.512;1438.336;25.44;4721.649;36.369;20.392;6689.15;1.224;1.243;26.008;0.46;70.26;0.658;0.303;164.756;2.424;3.91;80.85;1.43;221.04;2.044;0.955
Chile;2015;17870122;3.86E+11;71.75;71.75;17.321;1.147;4.696;23180.021;-0.776;-2.529;2482.915;44.37;18102.402;323.492;61.84;78.095;32.76;2.501;1.181;63.612;1337.988;23.91;3559.688;33.324;15.357;9.105;7.225;90.738;1532.166;27.38;5077.62;38.16;21.905;0;0;9.105;7.225;90.738;1532.166;27.38;5077.62;38.16;21.905;196.504;2.42;3.663;76.664;1.37;204.963;1.909;0.884;46.533;1.785;5.695;117.515;2.1;318.671;2.927;1.375
Chile;2016;18083880;3.93E+11;73.36;73.36;16.907;4.749;19.674;23993.93;7.063;22.849;2714.572;49.09;19151.92;346.341;66.917;79.82;36.27;-16.641;-10.899;52.713;1076.096;19.46;2914.906;26.527;12.149;-3.819;-3.175;87.562;1342.079;24.27;4842.009;33.083;20.18;0;0;-3.819;-3.175;87.562;1342.079;24.27;4842.009;33.083;20.18;87.506;3.164;6.827;141.563;2.56;377.527;3.49;1.573;15.946;0.869;6.564;124.42;2.25;362.957;3.067;1.513
Chile;2017;18368582;3.97E+11;74.18;74.22;16.481;3.79;16.444;24517.238;1.009;3.496;2444.391;44.9;19045.4;349.837;60.496;77.682;33.1;8.303;4.041;56.754;1187.354;21.81;3089.73;29.386;12.602;15.539;12.948;100.51;1596.204;29.32;5471.836;39.504;22.318;-0.04;-0.054;15.539;12.948;100.51;1596.204;29.32;5471.836;39.504;22.318;52.767;3.541;10.368;212.319;3.9;564.456;5.255;2.302;47.871;3.085;9.649;193.265;3.55;525.281;4.783;2.142
Chile;2018;18701452;4.13E+11;76.74;76.74;16.388;3.982;17.931;25039.641;1.284;4.491;2344.738;43.85;18946.553;354.328;57.141;75.666;32.62;9.571;5.068;61.822;1241.08;23.21;3305.738;30.245;13.202;13.594;13.44;113.95;1758.687;32.89;6093.088;42.859;24.334;0;0;13.594;13.44;113.95;1758.687;32.89;6093.088;42.859;24.334;31.386;3.174;13.543;291.421;5.45;724.154;7.102;2.892;-1.039;-0.156;9.493;214.957;4.02;507.586;5.238;2.027
Chile;2019;19039484;;77.39;77.39;16.328;1.217;5.701;24894.514;2.382;8.439;2371.913;45.16;19053.412;362.767;58.354;76.537;32.88;-8.244;-5.306;56.516;1094.042;20.83;2968.364;26.916;11.924;-1.609;-2.738;111.212;1692.798;32.23;5841.104;41.646;23.463;0;0;-1.609;-2.738;111.212;1692.798;32.23;5841.104;41.646;23.463;23.082;3.064;16.607;335.093;6.38;872.252;8.244;3.504;36.437;3.411;12.904;253.158;4.82;677.732;6.228;2.722
Chile;2020;19300318;;77.75;77.75;17.572;-6.646;-31.501;22925.926;-9.568;-34.711;2263.693;43.69;16997.432;328.056;56.193;74.141;31.85;1.309;0.529;57.045;1068.894;20.63;2955.674;26.534;12.892;3.754;3.21;114.422;1764.738;34.06;5928.491;43.807;25.859;0;0;3.754;3.21;114.422;1764.738;34.06;5928.491;43.807;25.859;20.866;3.392;19.999;395.848;7.64;1036.189;9.826;4.52;14.444;1.81;14.713;287.042;5.54;762.333;7.125;3.325
Chile;2021;19493184;;81.51;81.51;17.093;7.77;34.379;24462.756;9.955;32.659;2395.709;46.7;18504.689;360.715;57.294;75.644;33.98;-16.798;-9.756;47.289;845.424;16.48;2425.94;20.218;9.917;2.219;1.72;116.142;1785.752;34.81;5958.066;42.706;24.356;0;0;2.219;1.72;116.142;1785.752;34.81;5958.066;42.706;24.356;41.174;8.131;28.13;553.527;10.79;1443.058;13.238;5.899;36.16;5.247;19.96;369.873;7.21;1023.961;8.846;4.186
Chile;2022;19603736;;83.22;83.22;16.751;4.185;19.955;25342.707;-0.992;-3.579;1997.068;39.15;18217.781;357.137;47.044;71.886;27.68;23.105;10.714;58.003;1033.987;20.27;2958.779;24.357;11.675;21.559;23.533;139.675;2248.041;44.07;7124.925;52.956;28.114;0;0;21.559;23.533;139.675;2248.041;44.07;7124.925;52.956;28.114;34.478;9.561;37.69;740.675;14.52;1922.614;17.448;7.586;22.778;4.457;24.417;449.914;8.82;1245.55;10.598;4.915
Colombia;2010;44816104;4.92E+11;55.83;56.62;13.335;5.156;20.819;9474.296;7.242;20.471;356.122;15.96;6764.048;303.138;28.188;71.394;10.43;-0.685;-1.477;112.57;892.536;40;2511.83;70.646;26.512;2.951;0.348;121.463;907.263;40.66;2710.248;71.812;28.606;-0.79;-1.415;2.951;0.348;121.463;907.263;40.66;2710.248;71.812;28.606;;0;0;0.223;0.01;0;0.018;0;-33.163;-0.054;0.107;0.893;0.04;2.389;0.071;0.025
Colombia;2011;45308896;5.24E+11;57.39;58.92;13.276;4.521;19.196;9794.911;-1.391;-4.215;223.135;10.11;6597.447;298.923;17.159;67.356;7.04;19.405;21.024;133.595;1068.002;48.39;2948.531;82.128;30.103;20.585;23.411;144.874;1077.272;48.81;3197.464;82.841;32.644;-1.53;-2.666;20.585;23.411;144.874;1077.272;48.81;3197.464;82.841;32.644;;0;0;0.221;0.01;0;0.017;0;7.006;0.007;0.114;0.883;0.04;2.513;0.068;0.026
Colombia;2012;45782420;5.45E+11;59.83;60.54;12.828;6.34;28.136;10308.172;10.171;30.404;283.078;12.96;7193.312;329.327;21.407;69.783;8.9;-1.746;-3.129;130.466;1028.998;47.11;2849.696;77.816;27.645;-0.392;-2.268;142.606;1039.264;47.58;3114.861;78.593;30.217;-0.71;-1.187;-0.392;-2.268;142.606;1039.264;47.58;3114.861;78.593;30.217;;0;0;0.218;0.01;0;0.017;0;32.91;0.037;0.15;1.092;0.05;3.285;0.083;0.032
Colombia;2013;46237928;5.72E+11;70.84;72.19;14.883;2.777;13.107;10490.081;6.906;22.743;469.528;21.71;7614.319;352.07;30.073;72.586;14.35;-6.765;-9.559;120.907;1076.173;49.76;2614.891;68.929;24.927;-5.349;-9.637;132.969;1091.744;50.48;2875.762;69.927;27.414;-1.35;-1.906;-5.349;-9.637;132.969;1091.744;50.48;2875.762;69.927;27.414;;0;0;0.216;0.01;0;0.014;0;5.05;0.007;0.157;1.298;0.06;3.397;0.083;0.032
Colombia;2014;46677944;5.97E+11;68.25;69.05;13.524;5.267;25.546;10938.481;6.732;23.703;449.677;20.99;8050.34;375.773;30.398;73.597;13.86;0.855;0.303;121.21;1012.255;47.25;2596.737;68.429;23.739;1.986;1.843;134.813;1029.608;48.06;2888.142;69.602;26.403;-0.8;-1.172;1.986;1.843;134.813;1029.608;48.06;2888.142;69.602;26.403;;0;0;0.214;0.01;0;0.014;0;21.875;0.033;0.19;1.5;0.07;4.076;0.101;0.037
Colombia;2015;47119728;6.15E+11;75.81;76.22;15.767;-5.324;-27.183;10259.04;-7.101;-26.684;577.677;27.22;7408.554;349.089;35.712;72.215;17.93;-0.134;-0.883;120.327;1017.408;47.94;2553.646;62.897;24.892;0.226;-0.498;134.314;1039.904;49;2850.486;64.288;27.785;-0.41;-0.541;0.226;-0.498;134.314;1039.904;49;2850.486;64.288;27.785;;0;0;0.212;0.01;0;0.013;0;-2.638;-0.006;0.184;1.486;0.07;3.908;0.092;0.038
Colombia;2016;47625960;6.27E+11;74.89;74.56;13.69;12.663;61.214;11435.303;16.011;55.891;525.344;25.02;8503.356;404.981;33.557;74.361;16.59;4.713;4.926;125.253;1017.512;48.46;2629.932;64.995;22.998;3.956;5.323;139.637;1040.189;49.54;2931.946;66.443;25.639;0.33;0.441;3.956;5.323;139.637;1040.189;49.54;2931.946;66.443;25.639;;0;0;0.21;0.01;0;0.013;0;-25.579;-0.048;0.136;1.05;0.05;2.86;0.067;0.025
Colombia;2017;48351668;6.36E+11;77.53;77.46;14.091;0.934;5.085;11368.834;-5.381;-21.793;332.357;16.07;7925.006;383.187;20.746;69.708;11.49;22.527;27.313;152.566;1254.145;60.64;3155.335;78.286;27.754;17.954;26.878;166.515;1269.656;61.39;3443.828;79.254;30.292;0.07;0.09;17.954;26.878;166.515;1269.656;61.39;3443.828;79.254;30.292;;0.013;0.013;0.207;0.01;0.275;0.013;0.002;-93.964;-0.128;0.008;0;0;0.169;0;0.001
Colombia;2018;49276968;6.52E+11;79.3;79.19;14.181;1.586;8.717;11332.247;2.408;9.229;387.808;19.11;7963.477;392.416;24.132;70.273;13.52;-1.18;-2.682;149.884;1200.561;59.16;3041.659;74.706;26.841;1.698;-0.512;166.003;1219.231;60.08;3368.769;75.868;29.727;0.11;0.139;1.698;-0.512;166.003;1219.231;60.08;3368.769;75.868;29.727;140;0.018;0.032;0.406;0.02;0.644;0.025;0.006;1314.33;0.107;0.115;0.812;0.04;2.332;0.051;0.021
Colombia;2019;50187404;;79.91;78.15;13.876;0.855;4.774;11221.787;2.382;9.346;475.02;23.84;8005.239;401.762;30.505;71.337;16.27;-3.909;-6.389;143.494;1055.643;52.98;2859.172;67.793;25.479;-1.968;-4.573;161.43;1082.144;54.31;3216.548;69.495;28.663;1.76;2.202;-1.968;-4.573;161.43;1082.144;54.31;3216.548;69.495;28.663;1000.5;0.316;0.348;2.59;0.13;6.936;0.166;0.062;45.764;0.052;0.167;1.196;0.06;3.326;0.077;0.03
Colombia;2020;50930656;;78.19;77.14;15.049;-8.986;-50.606;10064.389;-9.428;-37.879;533.47;27.17;7144.673;363.883;35.222;70.99;18.19;-8.449;-12.607;130.887;951.097;48.44;2569.912;62.795;25.535;-8.325;-12.727;148.703;981.138;49.97;2919.716;64.778;29.01;1.05;1.343;-8.325;-12.727;148.703;981.138;49.97;2919.716;64.778;29.01;44.48;0.153;0.501;3.731;0.19;9.839;0.246;0.098;-84.018;-0.14;0.027;0.196;0.01;0.522;0.013;0.005
Colombia;2021;51516560;;81.37;80.91;14.088;12.039;61.713;11147.847;8.881;32.316;409.577;21.1;7690.708;396.199;26.078;68.988;14.65;21.388;27.412;158.3;1129.54;58.19;3072.793;71.919;27.564;19.613;29.397;178.1;1160.986;59.81;3457.138;73.922;31.012;0.46;0.565;19.613;29.397;178.1;1160.986;59.81;3457.138;73.922;31.012;69.292;0.344;0.845;6.212;0.32;16.407;0.396;0.147;497.53;0.132;0.158;1.165;0.06;3.071;0.074;0.028
Colombia;2022;51874028;;84.98;84.52;13.871;6.102;35.045;11746.604;6.345;25.138;399.236;20.71;8122.309;421.337;24.503;69.146;14.28;6.349;9.436;167.736;1195.396;62.01;3233.525;73.367;27.527;5.71;9.907;188.007;1230.095;63.81;3624.295;75.497;30.854;0.46;0.541;5.71;9.907;188.007;1230.095;63.81;3624.295;75.497;30.854;55.596;0.465;1.31;9.446;0.49;25.26;0.58;0.215;23.83;0.037;0.195;1.349;0.07;3.763;0.083;0.032
Costa Rica;2010;4622250;54407368704;9.5;9.47;;1.63;0.874;11786.667;;;153.605;0.71;;;7.497;;0.72;;;;1555.52;7.19;;75.924;;;;;1895.181;8.76;;92.503;;0.03;0.316;;;;1895.181;8.76;;92.503;;;;;0;0;;0;;;;;77.884;0.36;;3.801;
Costa Rica;2011;4679927;56666828800;9.66;9.7;;0.53;0.289;11703.091;;;194.447;0.91;;;9.381;;0.87;;;;1508.57;7.06;;72.784;;;;;1878.234;8.79;;90.619;;-0.04;-0.414;;;;1878.234;8.79;;90.619;;;;;0;0;;0;;;;;87.608;0.41;;4.227;
Costa Rica;2012;4736593;59384729600;10.07;10.05;;0.954;0.522;11673.354;;;190.01;0.9;;;8.955;;0.87;;;;1511.635;7.16;;71.244;;;;;1931.768;9.15;;91.045;;0.02;0.199;;;;1931.768;9.15;;91.045;;;;;2.111;0.01;;0.1;;;;;111.895;0.53;;5.274;
Costa Rica;2013;4791541;60731088896;10.16;10.11;;0.685;0.378;11618.479;;;256.702;1.23;;;12.166;;1.11;;;;1414.994;6.78;;67.062;;;;;1853.266;8.88;;87.834;;0.05;0.492;;;;1853.266;8.88;;87.834;;;;;4.174;0.02;;0.198;;;;;102.264;0.49;;4.847;
Costa Rica;2014;4844293;62954872832;10.31;10.11;;2.045;1.138;11726.931;;;227.071;1.1;;;10.88;;1.01;;;;1372.749;6.65;;65.776;;;;;1859.921;9.01;;89.12;;0.2;1.94;;;;1859.921;9.01;;89.12;;;;;4.129;0.02;;0.198;;;;;152.757;0.74;;7.319;
Costa Rica;2015;4895241;65928048640;10.65;10.76;;4.356;2.474;12110.349;;;53.113;0.26;;;2.416;;0.43;;;;1632.197;7.99;;74.257;;;;;2144.94;10.5;;97.584;;-0.11;-1.033;;;;2144.94;10.5;;97.584;;;;;6.128;0.03;;0.279;;;;;220.622;1.08;;10.037;
Costa Rica;2016;4945205;68781793280;10.51;10.85;;2.619;1.553;12301.996;;;70.776;0.35;;;3.226;;0.5;;;;1607.618;7.95;;73.272;;;;;2123.269;10.5;;96.774;;-0.34;-3.235;;;;2123.269;10.5;;96.774;;;;;6.066;0.03;;0.276;;;;;232.548;1.15;;10.599;
Costa Rica;2017;4993849;71436771328;10.56;11.27;;3.839;2.335;12649.783;;;42.052;0.21;;;1.863;;0.41;;;;1720.116;8.59;;76.22;;;;;2214.725;11.06;;98.137;;-0.71;-6.723;;;;2214.725;11.06;;98.137;;;;;8.01;0.04;;0.355;;;;;258.318;1.29;;11.446;
Costa Rica;2018;5040738;73336987648;10.69;11.44;;2.16;1.364;12802.764;;;61.499;0.31;;;2.71;;0.49;;;;1638.649;8.26;;72.203;;;;;2208.01;11.13;;97.29;;-0.75;-7.016;;;;2208.01;11.13;;97.29;;;;;11.903;0.06;;0.524;;;;;357.091;1.8;;15.734;
Costa Rica;2019;5084527;;11.06;11.43;;2.521;1.627;13012.45;;;49.169;0.25;;;2.187;;0.46;;;;1524.232;7.75;;67.804;;;;;2198.828;11.18;;97.813;;-0.37;-3.345;;;;2198.828;11.18;;97.813;;;;;15.734;0.08;;0.7;;;;;354.015;1.8;;15.748;
Costa Rica;2020;5123107;;10.62;11.74;;-11.058;-7.316;11486.324;;;37.087;0.19;;;1.618;;0.42;;;;1618.159;8.29;;70.613;;;;;2254.491;11.55;;98.382;;-1.12;-10.546;;;;2254.491;11.55;;98.382;;;;;15.616;0.08;;0.681;;;;;284.983;1.46;;12.436;
Costa Rica;2021;5153959;;11.71;12.71;;4.73;2.783;11957.598;;;31.044;0.16;;;1.259;;0.42;;;;1802.498;9.29;;73.092;;;;;2435.021;12.55;;98.741;;-1;-8.54;;;;2435.021;12.55;;98.741;;;;;11.642;0.06;;0.472;;;;;304.62;1.57;;12.352;
Costa Rica;2022;5180836;;11.95;12.63;;;;;;;48.255;0.25;;;1.979;;0.47;;;;1795.077;9.3;;73.634;;;;;2389.576;12.38;;98.021;;-0.68;-5.69;;;;2389.576;12.38;;98.021;;;;;11.581;0.06;;0.475;;;;;262.506;1.36;;10.768;
Mexico;2010;112532400;1.64E+12;263.46;264.41;12.451;0.3;6.351;18870.824;-0.559;-11.139;1842.847;207.38;17593.861;1979.88;78.431;93.233;123.17;39.054;28.508;103.135;326.928;36.79;916.491;13.914;4.857;13.797;17.49;143.7;506.787;57.03;1276.962;21.569;6.767;-0.95;-0.361;30.682;29.973;128.041;456.491;51.37;1137.811;19.428;6.029;14.815;0.011;0.086;0.267;0.03;0.765;0.011;0.004;107.782;1.774;3.439;11.019;1.24;30.562;0.469;0.162
Mexico;2011;114150480;1.72E+12;279.54;280.24;12.624;4.54;96.402;19447.846;4.428;87.679;1926.229;219.88;18112.566;2067.558;78.461;93.134;130.65;-2.389;-3.077;100.058;314.76;35.93;876.541;12.821;4.507;6.769;8.723;152.423;528.776;60.36;1335.28;21.539;6.866;-0.7;-0.25;-1.345;-2.326;125.715;444.151;50.7;1101.308;18.092;5.663;32.258;0.027;0.113;0.35;0.04;0.991;0.014;0.005;33.025;1.108;4.547;14.279;1.63;39.835;0.582;0.205
Mexico;2012;115755912;1.79E+12;285.81;284.75;12.713;0.895;19.871;19349.783;1.543;31.912;1979.51;229.14;18137.041;2099.47;80.471;93.733;136.47;-12.02;-12.561;87.497;272.902;31.59;755.875;11.094;3.906;-7.182;-12.04;140.382;480.407;55.61;1212.745;19.529;6.267;1.06;0.371;-5.898;-8.407;117.308;407.755;47.2;1013.411;16.576;5.237;68.293;0.076;0.189;0.605;0.07;1.634;0.025;0.008;123.762;5.566;10.113;31.705;3.67;87.366;1.289;0.452
Mexico;2013;117290680;1.81E+12;287.25;287.28;12.818;0.063;1.419;19108.689;0.087;1.817;1971.427;231.23;17915.207;2101.287;80.489;93.754;135.32;-12.188;-11.127;76.37;236.336;27.72;651.116;9.649;3.407;0.446;-0.398;139.984;477.873;56.05;1193.483;19.511;6.246;-0.03;-0.01;-6.411;-8.184;109.124;380.849;44.67;930.375;15.549;4.869;53.623;0.1;0.289;0.938;0.11;2.463;0.038;0.013;13.454;1.292;11.405;35.553;4.17;97.234;1.452;0.509
Mexico;2014;118755888;1.85E+12;289.66;290.19;13.028;-0.614;-13.763;18757.031;-2.064;-43.372;1881.422;223.43;17328.951;2057.915;76.994;92.386;129.07;38.797;28.995;105.364;324.615;38.55;887.234;13.284;4.73;21.984;29.609;169.593;562.162;66.76;1428.081;23.006;7.614;-0.53;-0.183;33.538;35.311;144.436;483.85;57.46;1216.241;19.801;6.484;108.491;0.31;0.599;1.853;0.22;5.042;0.076;0.027;53.57;6.005;17.409;53.471;6.35;146.596;2.188;0.782
Mexico;2015;120149896;1.90E+12;297.21;297.88;13.522;-1.101;-24.529;18335.252;-0.711;-14.63;1949.898;234.28;17006.129;2043.285;78.649;92.751;134.13;-20.573;-22.174;83.19;254.765;30.61;692.386;10.276;3.776;-4.968;-9.899;159.694;529.339;63.6;1329.123;21.351;7.249;-0.67;-0.225;-9.335;-14.659;129.777;436.288;52.42;1080.123;17.598;5.891;-8.508;-0.054;0.545;1.998;0.24;4.532;0.081;0.025;36.085;6.141;23.55;70.329;8.45;196.008;2.837;1.069
Mexico;2016;121519224;1.92E+12;303.28;303.02;13.451;2.263;49.863;18538.975;2.41;49.247;1973.186;239.78;17219.76;2092.532;79.13;92.884;137.26;-0.629;-1.012;82.178;244.735;29.74;676.255;9.815;3.648;0.939;0.616;160.31;520.411;63.24;1319.214;20.87;7.116;0.26;0.086;3.202;3.387;133.164;435.898;52.97;1095.828;17.481;5.911;24.767;0.131;0.675;3.785;0.46;5.558;0.152;0.03;18.673;4.232;27.783;81.715;9.93;228.627;3.277;1.233
Mexico;2017;122839256;1.96E+12;309.49;309.14;13.465;1.908;42.981;18689.648;1.677;35.083;1975.671;242.69;17320.318;2127.615;78.505;92.673;138.87;3.747;2.578;84.756;258.386;31.74;689.974;10.267;3.692;5.316;7.898;168.208;540.951;66.45;1369.33;21.495;7.327;0.35;0.113;5.798;7.251;140.415;454.903;55.88;1143.081;18.076;6.116;370.32;2.482;3.158;8.711;1.07;25.705;0.346;0.138;2.329;0.48;28.262;80.675;9.91;230.076;3.206;1.231
Mexico;2018;124013864;2.01E+12;333.27;332.02;14.654;-1.313;-30.133;18269.648;-2.168;-46.125;2095.895;259.92;16784.336;2081.49;78.284;91.87;147.18;2.003;1.192;85.948;260.455;32.3;693.051;9.728;3.793;10.25;15.992;184.199;581.387;72.1;1485.313;21.716;8.13;1.25;0.375;7.365;9.371;149.786;473.979;58.78;1207.816;17.704;6.611;170.686;5.34;8.497;10.967;1.36;68.519;0.41;0.375;17.095;4.638;32.9;101.037;12.53;265.295;3.774;1.452
Mexico;2019;125085312;;318.9;318.08;14.204;-1.159;-26.25;17903.295;-1.207;-25.125;1984.246;248.2;16439.701;2056.365;78.031;91.825;140.67;-27.328;-23.718;62.23;188.192;23.54;497.502;7.401;2.779;-0.132;-1.125;183.074;558.659;69.88;1463.594;21.969;8.175;0.82;0.257;3.919;4.984;154.77;471.678;59;1237.314;18.549;6.911;210.25;17.768;26.266;55.722;6.97;209.982;2.191;1.173;34.512;11.191;44.092;134.148;16.78;352.493;5.275;1.969
Mexico;2020;125998296;;329.53;325.52;15.77;-7.826;-175.25;16382.68;-10.033;-206.316;1948.122;245.46;14683.13;1850.049;75.406;89.626;136.31;14.093;8.51;70.74;212.225;26.74;561.434;8.215;3.427;16.991;31.066;214.14;635.405;80.06;1699.55;24.594;10.374;4.01;1.217;20.168;31.2;185.97;549.134;69.19;1475.972;21.255;9.009;58.923;15.323;41.589;89.208;11.24;330.075;3.453;2.015;17.792;7.654;51.745;156.907;19.77;410.684;6.073;2.507
Mexico;2021;126705136;;339.37;336.95;15.183;7.513;155.077;17515.205;6.56;121.355;1932.597;244.87;15558.993;1971.404;72.673;88.831;134.73;29.459;20.504;91.244;272.049;34.47;720.129;10.23;4.111;15.647;33.722;247.862;726.727;92.08;1956.213;27.327;11.169;2.42;0.713;17.034;31.954;217.924;636.517;80.65;1719.929;23.935;9.82;27.528;11.255;52.844;111.756;14.16;417.059;4.202;2.381;6.963;3.401;55.146;165.502;20.97;435.232;6.223;2.485
Mexico;2022;127504120;;351.92;349.5;14.42;9.214;204.483;19009.186;10.558;208.141;2031.072;258.97;17093.922;2179.545;74.097;89.925;147.28;2.431;1.877;93.121;276.854;35.3;730.338;10.1;3.842;-1.138;-3.658;244.204;710.016;90.53;1915.264;25.903;10.075;2.42;0.688;-0.031;-0.863;217.061;628.764;80.17;1702.381;22.938;8.956;-4.562;-2.595;50.249;105.016;13.39;394.095;3.831;2.073;-3.596;-2.177;52.969;158.662;20.23;415.432;5.788;2.185
